0048BA|217.100.73|Absolute Zero
B0BF1A|65.86.75|Acid green
7CB9E8|206.47.91|Aero
C9FFE5|151.21.100|Aero blue
B284BE|288.31.75|African violet
AF002A|346.100.69|Alabama crimson
F2F0E6|346.100.69|Alabaster
F0F8FF|208.6.100|Alice blue
84DE02|85.99.87|Alien Armpit
C46210|27.92.77|Alloy orange
EFDECD|30.14.94|Almond
E52B50|348.81.90|Amaranth
9F2B68|328.73.62|Amaranth deep purple
F19CBB|338.35.95|Amaranth pink
AB274F|342.77.67|Amaranth purple
D3212D|356.84.83|Amaranth red
FFBF00|45.100.100|Amber
FF7E00|30.100.100|Amber (SAE/ECE)
9966CC|270.50.80|Amethyst
A4C639|74.71.78|Android green
F2F3F4|210.1.96|Anti-flash white
CD9575|22.43.80|Antique brass
665D1E|53.71.40|Antique bronze
915C83|316.37.57|Antique fuchsia
841B2D|350.80.52|Antique ruby
FAEBD7|34.14.98|Antique white
008000|120.100.50|Ao (English)
66B447|104.61.71|Apple
8DB600|74.100.71|Apple green
FBCEB1|24.29.98|Apricot
00FFFF|180.100.100|Aqua
7FFFD4|160.50.100|Aquamarine
D0FF14|72.92.100|Arctic lime
4B5320|69.61.33|Army green
8F9779|76.20.59|Artichoke
E9D66B|51.54.91|Arylide yellow
B2BEB5|135.6.75|Ash grey
87A96B|93.37.66|Asparagus
FF9966|20.60.100|Atomic tangerine
A52A2A|0.75.65|Auburn
FDEE00|56.100.99|Aureolin
6E7F80|183.14.50|AuroMetalSaurus
568203|81.98.51|Avocado
FF2052|347.98.51|Awesome
63775B|103.24.47|Axolotl
007FFF|210.100.100|Azure
F0FFFF|180.6.100|Azure mist
2E5894|215.69.58|B'dazzled blue
89CFF0|199.43.94|Baby blue
A1CAF1|209.33.95|Baby blue eyes
F4C2C2|0.20.96|Baby pink
FEFEFA|60.2.100|Baby powder
FF91AF|344.43.100|Baker-Miller pink
21ABCD|192.84.80|Ball blue
FAE7B5|43.28.98|Banana Mania
FFE135|51.79.100|Banana yellow
006A4E|164.100.42|Bangladesh green
E0218A|327.85.88|Barbie pink
7C0A02|4.98.49|Barn red
848482|60.2.52|Battleship grey
5FC9BF|174.53.79|Bayside
98777B|353.22.60|Bazaar
BCD4E6|206.18.90|Beau blue
FA6E79|355.10.96|Begonia
9F8170|22.30.62|Beaver
F28E1C|32.88.95|Beer
F5F5DC|60.10.96|Beige
9C2542|345.76.61|Big dip o’ruby
E88E5A|22.61.91|Big Foot Feet
FFE4C4|33.23.100|Bisque
3D2B1F|24.49.24|Bistre
967117|43.85.59|Bistre brown
CAE00D|66.94.88|Bitter lemon
BFFF00|75.100.100|Bitter lime
FE6F5E|6.63.100|Bittersweet
BF4F51|359.59.75|Bittersweet shimmer
3D0C02|10.97.24|Black bean
1B1811|42.37.11|Black chocolate
3B2F2F|0.20.23|Black coffee
54626F|209.24.44|Black coral
253529|135.30.21|Black leather jacket
3B3C36|70.10.24|Black olive
BFAFB2|349.8.75|Black Shadows
FFEBCD|36.20.100|Blanched almond
A57164|12.39.65|Blast-off bronze
318CE7|210.79.91|Bleu de France
ACE5EE|188.28.93|Blizzard blue
FAF0BE|50.24.98|Blond
8A0303|0.98.54|Blood
D1001C|352.100.82|Blood orange
660000|0.100.40|Blood red
A41313|0.88.64|Blood (Animal)
630F0F|0.85.39|Blood (organ)
0000FF|240.100.100|Blue
1F75FE|217.88.100|Blue (Crayola)
0093AF|190.100.69|Blue (Munsell)
0087BD|197.100.74|Blue (NCS)
0018A8|231.100.66|Blue (Pantone)
333399|240.67.60|Blue (pigment)
0247FE|224.99.100|Blue (RYB)
A2A2D0|240.22.82|Blue bell
00B9FB|196.100.98|Blue bolt
0088DC|204.100.86|Blue cola
6699CC|210.50.80|Blue-gray
0D98BA|192.93.73|Blue-green
064E40|168.92.31|Blue-green (color wheel)
5DADEC|206.61.93|Blue jeans
ACE5EE|188.28.93|Blue lagoon
553592|261.64.57|Blue-magenta violet
0CBFE9|191.95.91|Blue raspberry
126180|197.86.50|Blue sapphire
8A2BE2|271.81.89|Blue-violet
7366BD|249.46.74|Blue-violet (Crayola)
4D1A7F|249.46.74|Blue-violet (color wheel)
5072A7|217.52.65|Blue yonder
4F86F7|220.68.97|Blueberry
1C1CF0|240.88.94|Bluebonnet
DE5D83|342.58.87|Blush
79443B|9.51.47|Bole
0095B6|191.100.71|Bondi blue
E3DAC9|39.11.89|Bone
DDE26A|63.53.89|Booger Buster
CC0000|0.100.80|Boston University red
006A4E|164.100.42|Bottle green
873260|328.63.53|Boysenberry
0070FF|214.100.100|Brandeis blue
87413F|2.53.53|Brandy
FF631C|19.89.100|Brave orange
CB4154|352.68.80|Brick red
1DACD6|194.86.84|Bright cerulean
EBECF0|228.2.94|Bright gray
66FF00|96.100.100|Bright green
E0475C|352.68.88|Briquette
BF94E4|272.35.89|Bright lavender
D891EF|285.39.94|Bright lilac
C32148|346.83.76|Bright maroon
1974D2|210.88.82|Bright navy blue
FF007F|330.100.100|Bright pink
08E8DE|177.97.91|Bright turquoise
D19FE8|281.31.91|Bright ube
FFAA1D|37.89.100|Bright yellow (Crayola)
3399FF|210.80.100|Brilliant azure
F4BBFF|290.27.100|Brilliant lavender
FF55A3|332.67.100|Brilliant rose
FB607F|348.62.98|Brink pink
004225|154.100.26|British racing green
88540B|35.92.53|Bronze
CD7F32|30.76.80|Bronze
B08D57|36.51.69|Bronze (metallic)
737000|58.100.45|Bronze yellow
993300|20.100.60|Brown
AF593E|14.65.69|Brown (Crayola)
964B00|30.100.59|Brown (traditional)
A52A2A|0.75.65|Brown (web)
6B4423|28.67.42|Brown-nose
AF6E4D|20.56.69|Brown sugar
1B4D3E|162.65.30|Brunswick green
FFC1CC|349.24.100|Bubble gum
E7FEFF|183.9.100|Bubbles
7BB661|102.47.71|Bud green
F0DC82|49.46.94|Buff
480607|359.92.28|Bulgarian rose
800020|345.100.50|Burgundy
DEB887|34.39.87|Burlywood
A17A74|8.28.63|Burnished brown
CC5500|25.100.80|Burnt orange
E97451|14.65.91|Burnt sienna
8A3324|9.74.54|Burnt umber
24A0ED|203.83.93|Button blue
BD33A4|311.73.74|Byzantine
702963|311.63.44|Byzantium
536872|199.27.45|Cadet
5F9EA0|182.41.63|Cadet blue
A9B2C3|219.13.76|Cadet blue (Crayola)
91A3B0|205.18.69|Cadet grey
0A1195|237.93.85|Cadmium blue
006B3C|154.100.42|Cadmium green
ED872D|28.81.93|Cadmium orange
B60C26|351.93.71|Cadmium purple
E30022|351.100.89|Cadmium red
FFF600|58.100.100|Cadmium yellow
7F3E98|283.59.60|Cadmium violet
A67B5B|26.45.65|Café au lait
4B3621|30.56.29|Café noir
1E4D2B|137.61.30|Cal Poly Pomona green
FCFFA4|62.36.100|Calamansi
A3C1AD|140.16.76|Cambridge blue
C19A6B|33.45.76|Camel
EFBBCC|340.22.94|Cameo pink
78866B|91.20.53|Camouflage green
FFFF99|60.40.100|Canary
FFEF00|56.100.100|Canary yellow
FF0800|2.100.100|Candy apple red
E4717A|355.50.89|Candy pink
00BFFF|195.100.100|Capri
592720|7.64.35|Caput mortuum
FFD59A|35.40.100|Caramel
C41E3A|350.85.77|Cardinal
00CC99|165.100.80|Caribbean green
960018|350.100.59|Carmine
D70040|342.100.84|Carmine (M&P)
EB4C42|4.72.92|Carmine pink
FF0038|347.100.100|Carmine red
FFA6C9|336.35.100|Carnation pink
B31B1B|0.85.70|Carnelian
56A0D3|204.59.83|Carolina blue
ED9121|33.86.93|Carrot orange
00563F|164.100.34|Castleton green
062A78|221.95.47|Catalina blue
703642|348.52.44|Catawba
C95A49|8.64.79|Cedar Chest
92A1CF|225.29.81|Ceil
ACE1AF|123.24.88|Celadon
007BA7|196.100.65|Celadon blue
2F847C|174.64.52|Celadon green
B2FFFF|180.30.100|Celeste
4997D0|205.65.82|Celestial blue
DE3163|343.78.87|Cerise
EC3B83|336.75.93|Cerise pink
007BA7|196.100.65|Cerulean
2A52BE|224.78.75|Cerulean blue
001440|221.100.25|Cetacean blue
6D9BC3|208.44.76|Cerulean frost
1DACD6|194.86.84|Cerulean (Crayola)
007AA5|196.100.65|CG blue
E03C31|4.78.88|CG Red
A0785A|26.44.63|Chamoisee
F7E7CE|37.17.97|Champagne
F1DDCF|25.14.95|Champagne pink
36454F|204.32.31|Charcoal
232B2B|180.19.17|Charleston green
D0748B|345.44.82|Charm
E68FAC|340.38.90|Charm pink
DFFF00|68.100.100|Chartreuse (traditional)
7FFF00|90.100.100|Chartreuse (web)
FFA600|39.100.100|Cheese
DE3163|343.78.87|Cherry
FFB7C5|348.28.100|Cherry blossom pink
954535|10.64.58|Chestnut
DE6FA1|333.50.87|China pink
A8516E|340.52.66|China rose
141414|0.0.8|Chinese black
365194|223.64.58|Chinese blue
CD8032|30.76.80|Chinese bronze
AB381F|11.82.67|Chinese brown
D0DB61|65.56.86|Chinese green
CC9900|45.100.80|Chinese gold
F37042|16.73.95|Chinese orange
DE70A1|333.50.87|Chinese pink
720B98|284.93.60|Chinese purple
CD071E|353.97.80|Chinese red
AA381E|11.82.67|Chinese red
CCCCCC|0.0.80|Chinese silver
856088|296.29.53|Chinese violet
E2E5DE|86.3.90|Chinese white
FFB200|42.100.100|Chinese yellow
4AFF00|103.100.100|Chlorophyll green
3F000F|346.100.25|Chocolate brown
58111A|352.80.34|Chocolate cosmos
3C1421|341.67.33|Chocolate Kisses
7B3F00|31.100.48|Chocolate (traditional)
D2691E|25.86.82|Chocolate (web)
FFA700|39.100.100|Chrome yellow
98817B|12.19.60|Cinereous
E34234|5.77.89|Cinnabar
D2691E|25.86.82|Cinnamon
CD607E|343.53.80|Cinnamon Satin
E4D00A|54.96.89|Citrine
9FA91F|64.82.66|Citron
7F1734|343.82.50|Claret
FBCCE7|326.19.98|Classic rose
0047AB|215.100.67|Cobalt blue
D2691E|25.86.82|Cocoa brown
965A3E|19.59.59|Coconut
6F4E37|25.50.44|Coffee
3C3024|30.40.24|Cola
C4D8E2|200.13.89|Columbia Blue
FFFFCC|60.20.100|Conditioner
F88379|5.51.97|Congo pink
002E63|212.100.38|Cool black
8C92AC|229.19.67|Cool grey
EEE0B1|46.26.93|Cookies and cream
B87333|29.72.72|Copper
DA8A67|18.53.85|Copper (Crayola)
AD6F69|5.39.68|Copper penny
CB6D51|14.60.80|Copper red
996666|0.33.60|Copper rose
FF3800|13.100.100|Coquelicot
FF7F50|16.69.100|Coral
F88379|5.51.97|Coral pink
FF4040|0.75.100|Coral red
FD7C6E|6.57.99|Coral reef
F6A494|10.40.96|Coral Reef (Valspar Paint Color)
893F45|355.54.54|Cordovan
FBEC5D|54.63.98|Corn
B31B1B|0.85.70|Cornell red
6495ED|219.58.93|Cornflower blue
93CCEA|197.100.87|Cornflower
FFF8DC|48.14.100|Cornsilk
2E2D88|241.67.53|Cosmic cobalt
FFF8E7|43.9.100|Cosmic latte
81613C|62.52.51|Coyote brown
FFBCD9|334.26.100|Cotton candy
FFFDD0|57.18.100|Cream
DC143C|348.91.86|Crimson
BE0032|344.100.75|Crimson glory
990000|0.100.60|Crimson red
F5F5F5|0.0.96|Cultured
00FFFF|180.100.100|Cyan
4E82B4|209.57.71|Cyan azure
4682BF|210.63.75|Cyan-blue azure
28589C|215.74.61|Cyan cobalt blue
188BC2|199.88.76|Cyan cornflower blue
00B7EB|193.100.92|Cyan (process)
58427C|263.47.49|Cyber grape
FFD300|50.100.100|Cyber yellow
F56FA1|338.54.96|Cyclamen
FFFF31|60.81.100|Daffodil
F0E130|55.80.94|Dandelion
FDDB6D|46.57.99|Dandelion (Crayola)
00008B|240.100.55|Dark blue
666699|240.33.60|Dark blue-gray
804A00|100.76.50|Dark bronze
514100|33.44.32|Dark bronze (Coin)
654321|30.67.40|Dark brown
88654E|24.43.53|Dark brown-tangelo
5D3954|315.39.36|Dark byzantium
A40000|0.100.64|Dark candy apple red
08457E|209.94.49|Dark cerulean
333333|0.0.20|Dark charcoal
986960|10.37.60|Dark chestnut
490206|358.97.29|Dark chocolate
3C1321|340.68.24|Dark chocolate (Hershey's)
26428B|223.73.55|Dark cornflower blue
CD5B45|10.66.80|Dark coral
008B8B|180.100.55|Dark cyan
536878|206.31.47|Dark electric blue
AA6C39|27.66.67|Dark gold
B8860B|43.94.72|Dark goldenrod
013220|158.98.20|Dark green
006400|120.100.39|Dark green (X11)
1F262A|202.26.16|Dark gunmetal
00416A|203.100.42|Dark imperial blue
00147E|231.100.40|Dark imperial blue
1A2421|162.28.14|Dark jungle green
BDB76B|56.43.74|Dark khaki
483C32|27.31.28|Dark lava
734F96|270.47.59|Dark lavender
8BBE1B|79.86.75|Dark lemon lime
534B4F|330.10.33|Dark liver
543D37|12.35.33|Dark liver (horses)
8B008B|300.100.55|Dark magenta
003366|210.100.40|Dark midnight blue
4A5D23|80.62.36|Dark moss green
556B2F|82.56.42|Dark olive green
FF8C00|33.100.100|Dark orange
9932CC|280.75.80|Dark orchid
779ECB|212.41.80|Dark pastel blue
03C03C|138.98.75|Dark pastel green
966FD6|263.48.84|Dark pastel purple
C23B22|9.82.76|Dark pastel red
E75480|342.64.91|Dark pink
003399|220.100.60|Dark powder blue
4F3A3C|354.27.31|Dark puce
301934|291.51.20|Dark purple
872657|330.72.53|Dark raspberry
8B0000|0.100.55|Dark red
E9967A|15.48.91|Dark salmon
560319|344.97.34|Dark scarlet
8FBC8F|120.24.74|Dark sea green
3C1414|0.67.24|Dark sienna
71706E|40.3.44|Dark silver
8CBED6|199.35.84|Dark sky blue
483D8B|248.56.55|Dark slate blue
2F4F4F|180.41.31|Dark slate gray
177245|150.80.45|Dark spring green
918151|45.44.57|Dark tan
FFA812|38.93.100|Dark tangerine
483C32|27.31.28|Dark taupe
CC4E5C|353.62.80|Dark terra cotta
00CED1|181.100.82|Dark turquoise
D1BEA8|32.20.82|Dark vanilla
9400D3|282.100.83|Dark violet
9B870C|52.92.61|Dark yellow
00703C|152.100.44|Dartmouth green
D70A53|339.95.84|Debian red
9C8AA4|282.16.16|Deep amethyst
40826D|161.51.51|Deep aquamarine
A9203E|347.81.66|Deep carmine
EF3038|357.80.94|Deep carmine pink
E9692C|19.81.91|Deep carrot orange
DA3287|330.77.85|Deep cerise
FAD6A5|35.34.98|Deep champagne
B94E48|3.61.73|Deep chestnut
704241|1.42.44|Deep coffee
C154C1|300.56.76|Deep fuchsia
056608|122.95.40|Deep Green
0E7C61|165.89.49|Deep green-cyan turquoise
004B49|178.100.29|Deep jungle green
F5C71A|47.89.96|Deep lemon
9955BB|280.55.73|Deep lilac
CC00CC|300.100.80|Deep magenta
820000|0.100.51|Deep maroon
D473D4|300.46.83|Deep mauve
355E3B|129.44.37|Deep moss green
FFCBA4|26.36.100|Deep peach
FF1493|328.92.100|Deep pink
A95C68|351.46.66|Deep puce
850101|0.99.52|Deep Red
843F5B|336.52.52|Deep ruby
FF9933|30.80.100|Deep saffron
00BFFF|195.100.100|Deep sky blue
4A646C|194.31.42|Deep Space Sparkle
556B2F|82.56.42|Deep spring bud
7E5E60|356.25.49|Deep Taupe
66424D|342.35.40|Deep Tuscan red
330066|270.100.40|Deep violet
BA8759|28.52.73|Deer
1560BD|213.89.74|Denim
2243B6|227.81.71|Denim Blue
669999|180.33.60|Desaturated cyan
C19A6B|33.45.76|Desert
EDC9AF|25.26.93|Desert sand
EA3C53|352.74.92|Desire
B9F2FF|191.27.100|Diamond
C53151|347.75.77|Dingy Dungeon
9B7653|29.46.61|Dirt
B5651E|28.83.71|Dirty brown
E8E4C9|52.13.91|Dirty white
1E90FF|210.88.100|Dodger blue
FEF65B|57.64.100|Dodie yellow
D71868|335.89.84|Dogwood rose
85BB65|98.46.73|Dollar bill
828E84|130.8.56|Dolphin gray
664C28|35.61.40|Donkey brown
967117|43.85.59|Drab
00009C|240.100.61|Duke blue
E5CCC9|6.12.90|Dust storm
EFDFBB|42.22.94|Dutch white
5D3A1A|29.72.36|Earthtone
E1A95F|34.58.88|Earth yellow
555D50|97.14.36|Ebony
C2B280|45.34.76|Ecru
614051|329.34.38|Eggplant
F0EAD6|46.11.94|Eggshell
1034A6|226.90.65|Egyptian blue
7DF9FF|183.51.100|Electric blue
B56257|8.52.71|Electric brown
FF003F|345.100.100|Electric crimson
00FFFF|180.100.100|Electric cyan
00FF00|120.100.100|Electric green
6F00FF|266.100.100|Electric indigo
F4BBFF|290.27.100|Electric lavender
CCFF00|72.100.100|Electric lime
FF3503|12.99.100|Electric orange
F62681|334.85.96|Electric pink
BF00FF|285.100.100|Electric purple
E60000|0.100.90|Electric red
3F00FF|255.100.100|Electric ultramarine
8F00FF|274.100.100|Electric violet
FFFF33|60.80.100|Electric yellow
50C878|140.60.78|Emerald
6C3082|284.63.51|Eminence
1B4D3E|162.65.30|English green
B48395|338.27.71|English lavender
AB4B52|356.56.67|English red
CC474B|358.65.80|English vermillion
563C5C|289.35.36|English violet
96C8A2|134.25.78|Eton blue
44D7A8|161.68.84|Eucalyptus
39569C|222.63.61|Facebook Blue
C19A6B|33.45.76|Fallow
801818|0.81.50|Falu red
B53389|320.72.71|Fandango
DE5285|338.63.87|Fandango pink
F400A1|320.100.96|Fashion fuchsia
E5AA70|30.51.90|Fawn
4D5D53|143.17.36|Feldgrau
FDD5B1|28.30.99|Feldspar
4F7942|106.45.47|Fern green
FF2800|9.100.100|Ferrari red
6C541E|42.72.42|Field drab
FF5470|350.67.100|Fiery rose
B22222|0.81.70|Firebrick
CE2029|357.84.81|Fire engine red
E95C4B|6.68.91|Fire opal
E25822|17.85.89|Flame
FC8EAC|344.44.99|Flamingo pink
6B4423|28.67.42|Flattery
F7E98E|52.43.97|Flavescent
EEDC82|50.45.93|Flax
216BD6|215.85.84|Flickr Blue
FB0081|329.100.98|Flickr Pink
A2006D|320.100.64|Flirt
FFFAF0|40.6.100|Floral white
F498AD|346.38.96|Flower girl
15F4EE|178.91.96|Fluorescent blue
FFBF00|45.100.100|Fluorescent orange
FF1493|328.92.100|Fluorescent pink
CCFF00|72.100.100|Fluorescent yellow
FF004F|341.100.100|Folly
5FA777|140.43.65|Forest green (Crayola)
014421|149.99.27|Forest green (traditional)
228B22|120.76.55|Forest green (web)
A67B5B|26.45.65|French beige
856D4D|34.42.52|French bistre
0072BB|203.100.73|French blue
FD3F92|334.75.99|French fuchsia
86608E|290.32.56|French lilac
9EFD38|89.78.99|French lime
D473D4|300.46.83|French mauve
1C0218|309.90.11|French Middle Red Purple
FD6C9E|339.57.99|French pink
811453|325.84.51|French plum
4E1609|11.88.31|French puce
C72C48|349.78.78|French raspberry
F64A8A|338.70.96|French rose
77B5FE|212.53.100|French sky blue
8806CE|279.97.81|French violet
AC1E44|344.83.67|French wine
A6E7FF|196.35.100|Fresh Air
E936A7|322.77.91|Frostbite
FF00FF|300.100.100|Fuchsia
C154C1|300.56.76|Fuchsia (Crayola)
FF77FF|300.53.100|Fuchsia pink
CC397B|333.72.80|Fuchsia purple
C74375|337.66.78|Fuchsia rose
E48400|35.100.89|Fulvous
CC6666|0.50.80|Fuzzy Wuzzy
DCDCDC|0.0.86|Gainsboro
E49B0F|39.93.89|Gamboge
996600|40.100.60|Gamboge orange (brown)
FFDF46|50.73.100|Gargoyle Gas
007F66|168.100.50|Generic viridian
F8F8FF|240.3.100|Ghost white
B05C52|6.53.69|Giant's Club
FE5A1D|16.89.100|Giants orange
D8E4BC|78.18.89|Gin
6082B6|216.47.71|Glaucous
AB92B3|285.18.70|Glossy grape
00AB66|156.100.67|GO green
A57C00|46.100.65|Gold
D4AF37|46.74.83|Gold (metallic)
FFD700|51.100.100|Gold (web) (Golden)
E6BE8A|34.40.90|Gold (Crayola)
85754E|43.41.52|Gold Fusion
BD9B16|48.88.74|Gold foil
996515|36.86.60|Golden brown
FCC200|46.100.99|Golden poppy
FFDF00|52.100.100|Golden yellow
DAA520|43.85.85|Goldenrod
676767|0.0.40|Granite gray
A8E4A0|113.30.89|Granny Smith apple
6F2DA8|272.73.66|Grape
808080|0.0.50|Gray (HTML/CSS gray)
BEBEBE|0.0.75|Gray (X11 gray)
465945|117.22.35|Gray-asparagus
8C92AC|229.19.67|Gray-blue
008001|120.100.50|Green
00FF00|120.100.100|Green (Color Wheel) (X11 green)
1CAC78|158.84.67|Green (Crayola)
008000|120.100.50|Green (HTML/CSS color)
00A877|163.100.66|Green (Munsell)
009F6B|160.100.62|Green (NCS)
00AD43|143.100.68|Green (Pantone)
00A550|149.100.65|Green (pigment)
66B032|95.72.69|Green (RYB)
1164B4|209.91.71|Green-blue
2887C8|204.80.78|Green-blue (Crayola)
4C721D|88.75.45|Green Cola
009966|160.100.60|Green-cyan
A7F432|84.80.96|Green Lizard
6EAEA1|168.37.68|Green Sheen
65FF00|96.100.100|Green slime
ADFF2F|84.82.100|Green-yellow
F0E891|55.40.94|Green-yellow (Crayola)
A99A86|34.21.66|Grullo
00FF7F|150.100.100|Guppie green
2a3439|200.15.19|Gunmetal
F8F8F8|60.0.97|Guyabano
663854|323.45.40|Halayà úbe
EB6123|19.85.92|Halloween orange
446CCF|223.67.81|Han blue
5218FA|255.90.98|Han purple
E9D66B|51.54.91|Hansa yellow
3FFF00|105.100.100|Harlequin
46CB18|105.88.80|Harlequin green
F29CB7|341.36.95|Harmonious rose
C90016|353.100.79|Harvard crimson
DA9100|40.100.85|Harvest gold
808000|60.100.50|Heart gold
FF7A00|29.100.100|Heat Wave
960018|10.100.60|Heidelberg red
DF73FF|286.55.100|Heliotrope
AA98A9|303.11.67|Heliotrope gray
AA00BB|295.100.73|Heliotrope magenta
F400A1|320.100.96|Hollywood cerise
F0FFF0|120.6.100|Honeydew
006DB0|203.100.69|Honolulu blue
49796B|163.40.47|Hooker's green
FF1DCE|313.89.100|Hot magenta
FF69B4|330.59.100|Hot pink
355E3B|129.44.37|Hunter green
71A6D2|207.46.82|Iceberg
923C01|24.99.57|Iced tea
FCF75E|58.63.99|Icterine
71BC78|126.40.74|Iguana green
319177|164.66.57|Illuminating emerald
602F6B|289.56.42|Imperial
002395|226.100.58|Imperial blue
66023C|325.98.40|Imperial purple
ED2939|355.83.93|Imperial red
B2EC5D|84.61.93|Inchworm
4C516D|231.30.43|Independence
138808|115.94.53|India green
CD5C5C|0.55.80|Indian red
E3A857|35.62.89|Indian yellow
4B0082|266.100.100|Indigo
091F92|230.94.57|Indigo dye
4F69C6|227.60.78|Indigo (Crayola)
233067|230.60.40|Indigo (Rainbow)
4B0082|275.100.51|Indigo (web)
FF496C|348.71.100|Infra red
360CCC|253.94.80|Interdimensional blue
002FA7|223.100.65|International Klein Blue
FF4F00|19.100.100|International orange (aerospace)
BA160C|3.94.73|International orange (engineering)
C0362C|4.77.75|International orange (Golden Gate Bridge)
5A4FCF|245.62.81|Iris
B3446C|338.62.70|Irresistible
F4F0EC|30.3.96|Isabelline
009000|120.100.56|Islamic green
B2FFFF|180.30.100|Italian sky blue
FFFFF0|60.6.100|Ivory
413628|34.38.25|Jacko bean
00A86B|158.100.66|Jade
9D2933|355.74.62|Japanese carmine
264348|189.47.28|Japanese indigo
5B3256|307.45.36|Japanese violet
F8DE7E|47.49.97|Jasmine
A50B5E|328.93.65|Jazzberry jam
DA614E|8.64.85|Jelly bean
343434|0.0.20|Jet
F4CA16|49.91.96|Jonquil
8AB9F1|213.43.95|Jordy blue
BDDA57|73.60.85|June bud
29AB87|163.76.67|Jungle green
4CBB17|101.88.73|Kelly green
7C1C05|12.96.49|Kenyan copper
3AB09E|171.67.69|Keppel
E8F48C|67.43.96|Key lime
C3B091|37.26.76|Khaki (HTML/CSS) (Khaki)
F0E68C|54.42.94|Khaki (X11) (Light khaki)
8EE53F|91.72.90|Kiwi
882D17|12.83.53|Kobe
E79FC4|329.31.91|Kobi
6B4423|28.67.42|Kobicha
354230|103.27.26|Kombu green
512888|266.71.53|KSU Purple
E8000D|357.100.91|KU Crimson
087830|141.93.47|La Salle green
D6CADD|278.9.87|Languid lavender
E0BC5B|44.59.88|Lanzones
26619C|210.76.61|Lapis lazuli
FFFF66|60.60.100|Laser Lemon
A9BA9D|95.16.73|Laurel green
CF1020|355.92.81|Lava
B57EDC|275.43.86|Lavender (floral)
E6E6FA|240.8.98|Lavender (web)
CCCCFF|240.20.100|Lavender blue
FFF0F5|340.6.100|Lavender blush
C4C3D0|245.6.82|Lavender gray
9457EB|265.63.92|Lavender indigo
EE82EE|300.45.93|Lavender magenta
E6E6FA|240.8.98|Lavender mist
FBAED2|332.31.98|Lavender pink
967BB6|267.32.71|Lavender purple
FBA0E3|316.36.98|Lavender rose
7CFC00|90.100.99|Lawn green
FFF700|58.100.100|Lemon
FFFACD|54.20.100|Lemon chiffon
CCA01D|45.86.80|Lemon curry
FDFF00|60.100.100|Lemon glacier
BD3000|16.100.74|Lemon iced tea
E3FF00|67.100.100|Lemon lime
5CFF67|124.64.100|Lemon lime
F6EABE|47.23.96|Lemon meringue
FFF44F|56.69.100|Lemon yellow
FFFF9F|60.38.100|Lemon yellow (Crayola)
545AA7|236.50.65|Liberty
1A1110|6.38.10|Licorice
FDD5B1|28.30.99|Light apricot
ADD8E6|195.25.90|Light blue
B5651D|28.84.71|Light brown
E66771|355.55.90|Light carmine pink
551F2F|342.64.33|Light chocolate cosmos
88ACE0|215.39.88|Light cobalt blue
F08080|0.47.94|Light coral
93CCEA|201.37.92|Light cornflower blue
F56991|343.57.96|Light crimson
E0FFFF|180.12.100|Light cyan
FF5CCD|318.64.100|Light deep pink
C8AD7F|38.37.78|Light French beige
F984EF|305.47.98|Light fuchsia pink
B29700|52.100.70|Light gold
FAFAD2|60.16.98|Light goldenrod yellow
D3D3D3|0.0.83|Light gray
CC99CC|300.25.80|Light grayish magenta
90EE90|120.39.93|Light green
FFB3DE|326.30.100|Light hot pink
F0E68C|54.42.94|Light khaki
D39BCB|309.27.83|Light medium orchid
ADDFAD|120.22.87|Light moss green
FED8B1|30.30.100|Light orange
E6A8D7|315.27.90|Light orchid
B19CD9|261.28.85|Light pastel purple
C5CBE1|228.12.88|Light periwinkle
FFB6C1|351.29.100|Light pink
FFCCCB|2.20.100|Light red
E97451|14.65.91|Light red ochre
FFA07A|17.52.100|Light salmon
FF9999|0.40.100|Light salmon pink
20B2AA|177.82.70|Light sea green
D8D8D8|60.0.85|Light silver
87CEFA|203.46.98|Light sky blue
778899|210.22.60|Light slate gray
B0C4DE|214.21.87|Light steel blue
B38B6D|26.39.70|Light taupe
E68FAC|340.38.90|Light Thulian pink
FFFFE0|60.12.100|Light yellow
C8A2C8|300.19.78|Lilac
AE98AA|311.13.68|Lilac Luster
BFFF00|75.100.100|Lime (color wheel)
00FF00|120.100.100|Lime (web) (X11 green)
32CD32|120.76.80|Lime green
9DC209|72.95.76|Limerick
195905|106.94.35|Lincoln green
FAF0E6|30.8.98|Linen
C19A6B|33.45.76|Lion
DE6FA1|333.50.87|Liseran purple
6CA0DC|212.51.86|Little boy blue
F8B9D4|334.25.97|Little girl pink
674C47|9.31.40|Liver
B86D29|29.78.72|Liver (dogs)
6C2E1F|12.71.42|Liver (organ)
987456|27.43.60|Liver chestnut
6699CC|210.50.80|Livid
FEFDFA|45.2.100|Lotion
15F2FD|33.45.76|Lotion blue
ECCFCF|0.12.93|Lotion pink
FFE4CD|28.20.100|Lumber
E62020|0.86.90|Lust
001C3D|212.100.24|Maastricht Blue
FFBD88|27.47.100|Macaroni and Cheese
CC3336|359.75.80|Madder Lake
FBEC5D|54.63.98|Maize
F2C649|44.70.95|Maize (Crayola)
6050DC|247.64.86|Majorelle Blue
0BDA51|140.95.85|Malachite
979AAA|231.11.67|Manatee
F37A48|18.70.95|Mandarin
FDBE02|46.99.99|Mango
96FF00|85.100.100|Mango green
FF8243|20.74.100|Mango Tango
74C365|110.48.76|Mantis
880085|301.100.53|Mardi Gras
EAA221|39.85.91|Marigold
C32148|346.83.76|Maroon (Crayola)
800000|0.100.50|Maroon (HTML/CSS)
B03060|338.73.69|Maroon (X11)
E0B0FF|276.31.100|Mauve
915F6D|343.34.57|Mauve taupe
EF98AA|348.36.94|Mauvelous
47ABCC|195.65.80|Maximum Blue
30BFBF|180.75.75|Maximum Blue Green
ACACE6|240.25.90|Maximum Blue Purple
5E8C31|90.65.55|Maximum Green
D9E650|65.65.90|Maximum Green Yellow
FF5B00|22.100.100|Maximum orange
733380|290.60.50|Maximum Purple
F6A5F2|304.33.96|Maximum pink
D92121|0.85.85|Maximum red
A63A79|325.65.65|Maximum Red Purple
892F77|312.66.54|Maximum violet
FAFA37|60.78.98|Maximum yellow
F2BA49|40.70.95|Maximum yellow red
4C9141|112.55.57|May green
73C2FB|205.54.98|Maya blue
E5B73B|44.74.90|Meat brown
66DDAA|154.54.87|Medium aquamarine
0000CD|240.100.80|Medium blue
E2062C|350.97.89|Medium candy apple red
AF4035|5.70.69|Medium carmine
F3E5AB|48.30.95|Medium champagne
035096|209.98.59|Medium electric blue
037949|156.98.47|Medium green
1C352D|161.47.21|Medium jungle green
DDA0DD|300.28.87|Medium lavender magenta
FF7802|28.99.100|Medium orange
BA55D3|288.60.83|Medium orchid
0067A5|203.100.65|Medium Persian blue
FE6E9F|340.57.100|Medium pink
9370DB|260.49.86|Medium purple
B10304|0.98.69|Medium red
BB3385|324.73.73|Medium red-violet
AA4069|337.62.67|Medium ruby
3CB371|147.66.70|Medium sea green
80DAEB|190.46.92|Medium sky blue
7B68EE|249.56.93|Medium slate blue
C9DC87|73.39.86|Medium spring bud
00FA9A|157.100.98|Medium spring green
674C47|9.31.40|Medium taupe
48D1CC|178.66.82|Medium turquoise
79443B|9.51.47|Medium Tuscan red
D9603B|14.73.85|Medium vermilion
65315F|308.51.40|Medium violet
C71585|322.89.78|Medium violet-red
FFE302|54.99.100|Medium yellow
F8B878|30.52.97|Mellow apricot
F8DE7E|47.49.97|Mellow yellow
FDBCB4|7.29.99|Melon
FEBAAD|10.32.100|Melon (Crayola)
C1F9A2|99.35.98|Menthol
32527B|214.59.48|Metallic blue
A97142|27.61.66|Metallic bronze
AC4313|19.89.67|Metallic brown
D3AF37|46.74.83|Metallic gold
296E01|98.99.43|Metallic green
DA680F|26.93.85|Metallic orange
EDA6C4|335.30.93|Metallic pink
A62C2B|0.74.65|Metallic red
0A7E8C|186.93.55|Metallic Seaweed
A8A9AD|228.3.68|Metallic silver
9C7C38|41.64.61|Metallic Sunburst
5B0A91|276.93.57|Metallic violet
FDCC0D|48.95.99|Metallic yellow
E4007C|327.100.89|Mexican pink
00A2ED|199.100.93|Microsoft blue
0078D7|207.100.84|Microsoft Edge blue
7DB700|79.100.72|Microsoft green
F04E1F|13.87.94|Microsoft red
FDB900|44.100.99|Microsoft yellow
7ED4E6|190.212.230|Middle blue
8DD9CC|170.35.85|Middle blue green
8B72BE|260.40.75|Middle blue purple
8B8680|33.8.55|Middle grey
4D8C57|130.45.55|Middle green
ACBF60|72.50.75|Middle green yellow
D982B5|325.40.85|Middle purple
E58E73|15.50.90|Middle red
A55353|0.83.83|Middle red purple
FFEB00|55.100.100|Middle yellow
ECB176|30.128.236|Middle yellow red
702670|300.66.44|Midnight
191970|240.78.44|Midnight blue
00468C|210.100.55|Midnight blue
004953|187.100.33|Midnight green (eagle green)
FFC40C|45.95.100|Mikado yellow
FDFFF5|72.4.100|Milk
84563C|22.55.52|Milk chocolate
FFDAE9|336.15.100|Mimi pink
E3F988|72.45.98|Mindaro
36747D|188.56.49|Ming
F5E050|52.67.96|Minion yellow
3EB489|158.66.71|Mint
F5FFFA|150.4.100|Mint cream
98FF98|120.40.100|Mint green
BBB477|54.36.73|Misty Moss
FFE4E1|6.12.100|Misty rose
FAEBD7|34.14.98|Moccasin
BEA493|24.23.75|Mocha
967117|43.85.59|Mode beige
3AA8C1|191.70.76|Moonstone
73A9C2|199.41.76|Moonstone blue
AE0C00|4.100.68|Mordant red 19
8DA399|153.14.64|Morning blue
8A9A5B|75.41.60|Moss green
30BA8F|161.74.73|Mountain Meadow
997A8D|323.20.60|Mountbatten pink
18453B|167.65.27|MSU green
70543E|26.45.44|Mud
306030|120.50.38|Mughal green
C54B8C|328.62.77|Mulberry
C8509B|323.60.78|Mulberry (Crayola)
828E84|130.9.56|Mummy's Tomb
FFDB58|47.65.100|Mustard
CD7A00|36.100.80|Mustard brown
6E6E30|60.56.43|Mustard green
E1AD01|46.100.88|Mustard yellow
317873|176.59.47|Myrtle green
D65282|338.62.84|Mystic
AD4379|329.62.68|Mystic maroon
FF5500|20.100.50|Mystic red
F6ADC6|339.30.96|Nadeshiko pink
2A8000|100.100.50|Napier green
FADA5E|48.62.98|Naples yellow
FFDEAD|36.32.100|Navajo white
000080|240.100.50|Navy blue
1974D2|210.88.82|Navy blue (Crayola)
9457EB|265.63.92|Navy purple
1B03A3|250.98.64|Neon blue
C3732A|180.100.100|Neon brown
FFA343|31.74.100|Neon Carrot
00FEFC|29.78.76|Neon cyan
FE4164|349.74.100|Neon fuchsia
CFAA01|49.100.81|Neon gold
808080|0.0.50|Neon gray
008443|150.100.52|Neon dark green
139B42|142.88.61|Neon green
39FF14|111.92.100|Neon green
FE347E|338.80.100|Neon pink
9457EB|265.63.92|Neon purple
FF1818|0.91.100|Neon red
FF2603|8.99.100|Neon scarlet
CCCCCC|60.0.80|Neon silver
F6890A|32.96.96|Neon tangerine
FFF700|58.100.100|Neon yellow
214FC6|223.83.78|New Car
D7837F|3.41.84|New York pink
727472|120.2.46|Nickel
E4000F|356.100.89|Nintendo red
A4DDED|193.31.93|Non-photo blue
E9FFDB|97.14.100|Nyanza
4F42B5|247.64.71|Ocean blue
0077BE|202.100.75|Ocean boat blue
48BF91|157.62.75|Ocean green
CC7722|30.83.80|Ochre
008000|120.100.50|Office green
FD5240|6.75.99|Ogre Odor
43302E|6.31.26|Old burgundy
CFB53B|49.71.81|Old gold
563C5C|289.35.36|Old heliotrope
FDF5E6|39.9.99|Old lace
796878|304.14.47|Old lavender
673147|336.52.40|Old mauve
867E36|54.60.53|Old moss green
C08081|359.33.75|Old rose
848482|60.2.52|Old silver
808000|60.100.50|Olive
6B8E23|80.75.56|Olive drab (#3)
3C341F|43.48.24|Olive drab #7
B5B35C|59.49.71|Olive green
9AB973|87.38.73|Olivine
353839|195.7.22|Onyx
A8C3BC|164.14.76|Opal
B784A7|319.28.72|Opera mauve
FF6600|24.100.100|Orange
FF7F00|30.100.100|Orange (color wheel)
FF7538|18.78.100|Orange (Crayola)
FF5800|21.100.100|Orange (Pantone)
FB9902|36.99.98|Orange (RYB)
FFA500|39.100.100|Orange (web)
FF6700|24.100.100|Orange iced tea
FF9F00|37.100.100|Orange peel
FF681F|20.88.100|Orange-red
FF5349|4.71.100|Orange-red (Crayola)
E74E14|16.91.91|Orange soda
FA5B3D|10.76.98|Orange Soda
F5BD1F|44.87.96|Orange-yellow
F8D568|45.58.97|Orange-yellow (Crayola)
DA70D6|302.49.85|Orchid
F2BDCD|342.22.95|Orchid pink
E29CD2|314.31.89|Orchid (Crayola)
FB4F14|15.92.98|Orioles orange
654321|30.67.40|Otter brown
414A4C|191.14.30|Outer Space
2D383A|189.22.23|Outer space (Crayola)
FF6E4A|12.71.100|Outrageous Orange
800020|345.100.50|Oxblood
002147|212.100.28|Oxford blue
6D9A79|136.29.60|Oxley
990000|0.100.60|OU Crimson red
1CA9C9|191.86.79|Pacific Blue
006600|120.100.40|Pakistan green
273BE2|234.83.89|Palatinate blue
682860|308.62.41|Palatinate purple
BCD4E6|206.18.90|Pale aqua
AFEEEE|180.26.93|Pale blue
987654|30.45.60|Pale brown
AF4035|5.70.69|Pale carmine
9BC4E2|205.31.89|Pale cerulean
DDADAF|358.22.87|Pale chestnut
DA8A67|18.53.85|Pale copper
ABCDEF|210.28.94|Pale cornflower blue
87D3F8|200.46.97|Pale cyan
E6BE8A|34.40.90|Pale gold
EEE8AA|55.29.93|Pale goldenrod
98FB98|120.39.98|Pale green
DCD0FF|255.18.100|Pale lavender
F984E5|310.47.98|Pale magenta
FADADD|354.13.98|Pale pink
DDA0DD|300.28.87|Pale plum
DB7093|340.49.86|Pale red-violet
96DED1|169.32.87|Pale robin egg blue
C9C0BB|21.7.79|Pale silver
ECEBBD|59.20.93|Pale spring bud
BC987E|25.33.74|Pale taupe
AFEEEE|180.26.93|Pale turquoise
CC99FF|270.40.100|Pale violet
DB7093|340.49.86|Pale violet-red
6F9940|88.58.60|Palm Leaf
78184A|329.80.47|Pansy purple
009B7D|168.100.61|Paolo Veronese green
FFEFD5|37.16.100|Papaya whip
E63E62|347.73.90|Paradise pink
50C878|140.60.78|Paris Green
D998A0|353.30.85|Parrot Pink
AEC6CF|196.16.81|Pastel blue
836953|28.37.51|Pastel brown
CFCFC4|60.5.81|Pastel gray
77DD77|120.46.87|Pastel green
F49AC2|333.37.96|Pastel magenta
FFB347|35.72.100|Pastel orange
DEA5A4|1.26.87|Pastel pink
B39EB5|295.13.71|Pastel purple
FF6961|3.62.100|Pastel red
CB99C9|302.25.80|Pastel violet
FDFD96|60.41.99|Pastel yellow
800080|300.100.50|Patriarch
536878|206.31.47|Payne's grey
FFE5B4|39.29.100|Peach
FFCBA4|26.36.100|Peach
FFCC99|30.40.100|Peach-orange
FFDAB9|28.27.100|Peach puff
FADFAD|39.31.98|Peach-yellow
D1E231|66.78.89|Pear
EAE0C8|42.15.92|Pearl
88D8C0|162.37.85|Pearl Aqua
B768A2|316.43.72|Pearly purple
E6E200|59.100.90|Peridot
CCCCFF|240.20.100|Periwinkle
C3CDE6|223.15.90|Periwinkle (Crayola)
E12C2C|0.80.88|Permanent Geranium Lake
1C39BB|229.85.73|Persian blue
00A693|173.100.65|Persian green
32127A|258.85.48|Persian indigo
D99058|26.59.85|Persian orange
F77FBE|329.49.97|Persian pink
701C1C|0.75.44|Persian plum
CC3333|0.75.80|Persian red
FE28A2|326.84.100|Persian rose
EC5800|22.100.93|Persimmon
CD853F|30.69.80|Peru
8BA8B7|200.24.72|Pewter Blue
0038A7|220.100.65|Philippine blue
6E3A07|30.94.43|Philippine bronze
5D1916|3.76.36|Philippine brown
B17304|38.98.69|Philippine gold
FFDF00|49.91.99|Philippine golden yellow
8C8C8C|0.0.55|Philippine gray
008543|150.100.52|Philippine green
00416A|203.100.42|Philippine indigo
FF7300|27.100.100|Philippine orange
FA1A8E|330.90.98|Philippine pink
CE1127|353.92.81|Philippine red
B3B3B3|0.0.70|Philippine silver
0066FF|216.100.100|Philippine sky blue
81007F|301.100.51|Philippine violet
FECB00|48.100.100|Philippine yellow
DF00FF|292.100.100|Phlox
000F89|233.100.54|Phthalo blue
123524|151.66.21|Phthalo green
45B1E8|200.70.91|Picton blue
C30B4E|338.94.76|Pictorial carmine
FDDDE6|343.13.99|Piggy pink
01796F|175.99.47|Pine green
2A2F23|85.26.18|Pine tree
563C0D|39.35.36|Pineapple
FFC0CB|350.25.100|Pink
D74894|328.67.84|Pink (Pantone)
F6D6DE|345.13.96|Pink Diamond (Ace Hardware Color)
F0D3DC|341.12.94|Pink Diamond (Independent Retailers Colors)
FC74FD|300.54.99|Pink flamingo
FFDDF4|319.13.100|Pink lace
D8B2D1|311.18.85|Pink lavender
E7ACCF|324.26.91|Pink pearl
F78FA7|346.42.97|Pink Sherbet
93C572|96.42.77|Pistachio
391285|260.87.52|Pixie Powder
E5E4E2|40.1.90|Platinum
8E4585|307.51.56|Plum
DDA0DD|300.28.87|Plum (web)
5946B2|251.61.70|Plump Purple
374F6B|212.49.42|Police blue
5DA493|166.43.64|Polished Pine
86608E|290.32.56|Pomp and Power
BE4F62|350.58.75|Popstar
FF5A36|11.79.100|Portland Orange
B0E0E6|187.23.90|Powder blue
FF85CF|324.48.100|Princess Perfume
F58025|26.85.96|Princeton orange
701C1C|0.75.44|Prune
003153|205.100.33|Prussian blue
DF00FF|292.100.100|Psychedelic purple
CC8899|345.33.80|Puce
722F37|353.59.45|Puce red
644117|33.77.39|Pullman Brown (UPS Brown)
FF7518|24.91.100|Pumpkin
800080|300.100.50|Purple (HTML)
9F00C5|288.100.77|Purple (Munsell)
A020F0|277.87.94|Purple (X11)
9678B6|269.34.71|Purple mountain majesty
4E5180|236.39.50|Purple navy
FE4EDA|312.69.100|Purple pizzazz
9C51B6|285.56.71|Purple Plum
50404D|311.20.31|Purple taupe
9A4EAE|288.55.68|Purpureus
436B95|211.55.58|Queen blue
E8CCD7|336.12.91|Queen pink
A6A6A6|0.0.65|Quick Silver
8E3A59|338.59.56|Quinacridone magenta
6A5445|24.35.42|Quincy
5D8AA8|204.45.66|Rackley
FF355E|348.79.100|Radical Red
242124|300.8.14|Raisin black
FBAB60|29.62.98|Rajah
E30B5D|337.95.89|Raspberry
915F6D|343.34.57|Raspberry glace
E25098|330.65.89|Raspberry pink
B3446C|338.62.70|Raspberry rose
D68A59|24.58.84|Raw Sienna
826644|33.48.51|Raw umber
FF33CC|315.80.100|Razzle dazzle rose
E3256B|338.84.89|Razzmatazz
8D4E85|308.45.55|Razzmic Berry
663399|270.67.60|Rebecca Purple
FF0000|0.100.100|Red
EE204D|347.87.93|Red (Crayola)
F2003C|345.100.95|Red (Munsell)
C40233|345.99.77|Red (NCS)
ED2939|355.83.93|Red (Pantone)
ED1C24|358.88.93|Red (pigment)
FE2712|5.93.100|Red (RYB)
A52A2A|0.75.65|Red-brown
DF0118|354.100.87|Red cola
860111|353.99.53|Red devil
FF5349|3.71.100|Red-orange
FF681F|20.88.100|Red-orange (Crayola)
FF4500|16.100.100|Red-orange (Color wheel)
E40078|328.100.89|Red-purple
973A4A|350.62.59|Red rum
FD3A4A|355.77.99|Red Salsa
EC0304|0.99.93|Red strawberry
C71585|322.89.78|Red-violet
C0448F|324.65.75|Red-violet (Crayola)
922B3E|350.71.57|Red-violet (Color wheel)
A45A52|6.50.64|Redwood
002387|224.100.53|Resolution blue
777696|242.21.59|Rhythm
F1A7FE|291.34.100|Rich brilliant lavender
D70040|342.100.84|Rich carmine
0892D0|199.96.82|Rich electric blue
A76BCF|276.48.81|Rich lavender
B666D2|284.51.82|Rich lilac
B03060|338.73.69|Rich maroon
444C38|84.26.30|Rifle green
FFC324|44.86.100|Ripe mango
704241|1.42.44|Roast coffee
00CCCC|180.100.80|Robin egg blue
8A7F80|355.8.54|Rocket metallic
838996|221.13.59|Roman silver
290E05|15.88.16|Root beer
FF007F|330.100.100|Rose
F9429E|330.73.98|Rose bonbon
9E5E6F|344.41.62|Rose Dust
674846|4.32.40|Rose ebony
960145|333.99.59|Rose garnet
B76E79|351.40.72|Rose gold
E32636|355.83.89|Rose madder
FF66CC|320.60.100|Rose pink
AA98A9|303.11.67|Rose quartz
BD559C|319.55.74|Rose quartz pink
C21E56|340.85.76|Rose red
905D5D|0.35.56|Rose taupe
AB4E52|357.54.67|Rose vale
65000B|353.100.40|Rosewood
BC8F8F|0.24.74|Rosy brown
0038A8|220.100.66|Royal azure
002366|219.100.40|Royal blue
4169E1|225.71.88|Royal blue
523B35|12.35.32|Royal brown
CA2C92|321.78.79|Royal fuchsia
136207|112.93.38|Royal green
F99245|26.72.98|Royal orange
E73895|332.78.100|Royal pink
9B1C31|350.82.61|Royal red
D00060|332.100.82|Royal red
7851A9|267.52.66|Royal purple
FADA5E|48.62.98|Royal yellow
CE4676|339.66.81|Ruber
D10056|335.100.82|Rubine red
E0115F|337.92.88|Ruby
9B111E|354.89.61|Ruby red
A81C07|8.96.66|Rufous
9A4E40|10.58.60|Rum
80461B|26.79.50|Russet
679267|120.29.57|Russian green
32174D|270.70.30|Russian violet
B7410E|18.92.72|Rust
DA2C43|352.80.85|Rusty red
043927|160.93.22|Sacramento State green
8B4513|25.86.55|Saddle brown
FF7800|28.100.100|Safety orange
FF6700|24.100.100|Safety orange (blaze orange)
EED202|53.99.93|Safety yellow
F4C430|45.80.96|Saffron
BCB88A|55.27.74|Sage
23297A|236.71.48|St. Patrick's blue
177B4D|152.81.48|Salem
FA8072|6.54.98|Salmon
E7968B|7.40.91|Salmon Rose
FF91A4|350.43.100|Salmon pink
12279E|231.89.62|Samsung blue
C2B280|45.34.76|Sand
967117|43.85.59|Sand dune
ECD540|52.73.93|Sandstorm
F4A460|28.61.96|Sandy brown
FDD9B5|30.28.99|Sandy Tan
967117|43.85.59|Sandy taupe
507D2A|93.66.49|Sap green
0F52BA|216.92.73|Sapphire
0067A5|203.100.65|Sapphire blue
FF4681|341.73.100|Sasquatch Socks
CBA135|43.74.80|Satin sheen gold
FF2400|8.100.100|Scarlet
FD0E35|350.94.99|Scarlet
FF91AF|344.43.100|Schauss pink
FFD800|51.100.100|School bus yellow
66FF66|120.60.100|Screamin' Green
006994|197.100.58|Sea blue
9FE2BF|149.30.89|Sea Foam Green
2E8B57|146.67.55|Sea green
00FFCD|168.100.100|Sea green (Crayola)
4BC7CF|184.64.81|Sea Serpent
59260B|0.60.20|Seal brown
FFF5EE|25.7.100|Seashell
FFBA00|44.100.100|Selective yellow
704214|30.82.44|Sepia
8A795D|37.33.54|Shadow
778BA5|214.28.65|Shadow blue
FFCFF1|318.19.100|Shampoo
009E60|156.100.62|Shamrock green
FFE670|50.56.100|Shandy
8FD400|80.100.83|Sheen green
D98695|349.38.85|Shimmering Blush
5FA778|141.43.66|Shiny Shamrock
FC0FC0|315.94.99|Shocking pink
FF6FFF|300.56.100|Shocking pink (Crayola)
882D17|12.83.53|Sienna
C0C0C0|240.0.75|Silver
C9C0BB|21.7.79|Silver (Crayola)
AAA9AD|255.2.68|Silver (Metallic)
ACACAC|240.0.67|Silver chalice
AFB1AE|100.2.69|Silver foil
5D89BA|212.50.73|Silver Lake blue
C4AEAD|3.12.77|Silver pink
BFC1C2|200.2.76|Silver sand
CB410B|17.95.80|Sinopia
FF3855|351.78.100|Sizzling Red
FFDB00|52.100.100|Sizzling Sunrise
007474|180.100.45|Skobeloff
87CEEB|197.43.92|Sky blue
76D7EA|190.50.92|Sky blue (Crayola)
CF71AF|320.45.81|Sky magenta
6A5ACD|248.56.80|Slate blue
708090|210.22.56|Slate gray
299617|111.85.59|Slimy green
003399|220.100.60|Smalt (Dark powder blue)
FF6D3A|16.77.100|Smashed Pumpkin
C84186|329.68.78|Smitten
738276|132.12.51|Smoke
832A0D|15.90.51|Smokey Topaz
100C08|30.50.6|Smoky black
FFFAFA|0.2.76|Snow
CEC8EF|249.16.94|Soap
893843|352.59.54|Solid pink
9E1316|359.88.62|Spartan Crimson
1D2951|226.64.32|Space cadet
807532|52.61.50|Spanish bistre
0070B8|203.100.72|Spanish blue
D10047|340.100.82|Spanish carmine
E51A4C|345.89.90|Spanish crimson
009150|153.100.57|Spanish green
E86100|25.100.91|Spanish orange
F7BFBE|1.23.97|Spanish pink
66033C|325.97.40|Spanish purple
E60026|350.100.90|Spanish red
00FFFF|180.100.100|Spanish sky blue
4C2882|264.69.51|Spanish violet
007F5C|163.100.50|Spanish viridian
F6B511|43.93.96|Spanish yellow
8B5f4D|17.45.55|Spicy mix
0FC0FC|195.94.99|Spiro Disco Ball
A7FC00|80.100.99|Spring bud
87FF2A|94.84.100|Spring Frost
00FF7F|150.100.100|Spring green
ECEBBD|59.20.93|Spring green (Crayola)
007BB8|200.100.72|Star command blue
4682B4|207.61.71|Steel blue
CC33CC|300.75.80|Steel pink
5F8A8B|181.32.55|Steel Teal
FADA5E|48.62.98|Stil de grain yellow
E4D96F|54.51.89|Straw
FC5A8D|341.64.99|Strawberry
CF142B|354.90.81|Stop red
FC5A8D|341.64.99|Strawberry iced tea
C83F49|356.69.78|Strawberry red
914E75|325.46.57|Sugar Plum
FF404C|356.75.100|Sunburnt Cyclops
FFCC33|45.80.100|Sunglow
F2F27A|60.50.95|Sunny
E3AB57|36.62.89|Sunray
FAD6A5|35.34.98|Sunset
FD5E53|4.67.99|Sunset orange
CF6BA9|323.48.81|Super pink
A83731|3.71.66|Sweet Brown
D2B48C|25.33.82|Tan
D99A6C|34.50.85|Tan (Crayola)
F94D00|19.100.98|Tangelo
F28500|33.100.95|Tangerine
FFCC00|48.100.100|Tangerine yellow
E4717A|355.50.89|Tango pink
FB4D46|2.72.98|Tart Orange
483C32|27.31.28|Taupe
8B8589|320.4.55|Taupe gray
D0F0C0|100.20.94|Tea green
F88379|5.51.97|Tea rose
F4C2C2|0.20.96|Tea rose
008080|180.100.50|Teal
367588|194.60.53|Teal blue
99E6B3|140.33.90|Teal deer
00827F|179.100.51|Teal green
CF3476|334.75.81|Telemagenta
3C2126|349.45.24|Temptress
CD5700|25.100.80|Tenné
E2725B|10.60.89|Terra cotta
D8BFD8|300.12.85|Thistle
EBB0D7|320.25.92|Thistle (Crayola)
DE6FA1|333.50.87|Thulian pink
FC89AC|342.46.99|Tickle Me Pink
0ABAB5|178.95.73|Tiffany Blue
DBD7D2|33.4.86|Timberwolf
878681|50.4.53|Titanium
EEE600|58.100.93|Titanium yellow
FF6347|9.72.100|Tomato
B21807|6.96.70|Tomato sauce
FFFAFA|0.2.100|Tooth
FFC87C|35.51.100|Topaz
FD0E35|350.94.99|Tractor red
00755E|168.100.46|Tropical rain forest
CDA4DE|282.26.87|Tropical violet
0073CF|207.100.81|True blue
FF878D|357.47.100|Tulip
DEAA88|24.39.87|Tumbleweed
B57281|347.37.71|Turkish rose
40E0D0|174.71.88|Turquoise
00FFEF|176.100.100|Turquoise blue
A0D6B4|142.25.84|Turquoise green
00C5CD|182.100.80|Turquoise Surf
8A9A5B|75.41.60|Turtle green
FAD6A5|35.34.98|Tuscan
6F4E37|25.50.44|Tuscan brown
7C4848|0.42.49|Tuscan red
A67B5B|26.45.65|Tuscan tan
C09999|0.20.75|Tuscany
8A496B|329.47.54|Twilight lavender
66023C|325.98.40|Tyrian purple
3F00FF|244.93.56|Ultramarine
4166F5|228.73.96|Ultramarine blue
2111EF|244.93.94|Ultramarine blue (Caran d'Ache)
FF6FFF|300.56.100|Ultra pink
FC6C85|350.57.99|Ultra red
635147|21.28.39|Umber
FFDDCA|22.21.100|Unbleached silk
5B92E5|216.60.90|United Nations blue
FFFF66|60.60.100|Unmellow yellow
7B1113|359.86.48|UP maroon
AE2029|356.82.68|Upsdell red
E1AD21|44.85.88|Urobilin
080808|60.0.3|Vampire black
664228|25.60.0|Van Dyke brown
F3E5AB|48.30.95|Vanilla
F38FA9|344.41.95|Vanilla ice
C5B358|50.55.77|Vegas gold
C80815|356.96.78|Venetian red
43B3AE|177.63.70|Verdigris
E34234|5.77.89|Vermilion
D9381E|8.86.85|Vermilion
A020F0|277.87.94|Veronica
74BBFB|208.54.98|Very light azure
6666FF|240.60.100|Very light blue
64E986|135.57.91|Very light malachite green
FFB077|25.53.100|Very light tangelo
FFDFBF|30.25.100|Very pale orange
FFFFBF|60.25.100|Very pale yellow
8F00FF|274.100.100|Violet
6E00C0|194.255.96|Violet (Caran d'Ache)
7F00FF|270.100.100|Violet (color wheel)
963D7F|316.59.59|Violet (crayola)
8601AF|286.99.69|Violet (RYB)
EE82EE|300.45.93|Violet (web)
324AB2|229.72.70|Violet-blue
766EC8|246.45.78|Violet-blue (Crayola)
F75394|336.66.97|Violet-red
891446|334.85.54|Violet-red
674403|39.97.40|Violin Brown
40826D|161.51.51|Viridian
009698|181.100.60|Viridian green
7C9ED9|218.43.85|Vista blue
cc9900|45.100.80|Vivid amber
922724|2.75.57|Vivid auburn
9F1D35|349.82.62|Vivid burgundy
DA1D81|328.87.85|Vivid cerise
00AAEE|197.100.93|Vivid cerulean
CC0033|345.100.80|Vivid crimson
FF9900|36.100.100|Vivid gamboge
a6d608|74.96.84|Vivid lime green
B80CE3|288.95.89|Vivid mulberry
FF5F00|22.100.100|Vivid orange
FFA000|18.100.100|Vivid orange peel
CC00FF|288.100.100|Vivid orchid
FF006C|335.100.100|Vivid raspberry
F70D1A|357.95.97|Vivid red
DF6124|20.84.87|Vivid red-tangelo
00CCFF|192.100.100|Vivid sky blue
F07427|23.84.94|Vivid tangelo
FFA089|12.46.100|Vivid tangerine
e56024|19.84.90|Vivid vermilion
9F00FF|277.100.100|Vivid violet
FFE302|53.99.100|Vivid yellow
D4F1F9|194.15.98|Water
F05C85|343.62.94|Watermelon
BF4147|357.66.75|Watermelon red
EEFF1B|65.90.55|Watermelon Yellow
A4F4F9|184.34.98|Waterspout
645452|7.18.39|Wenge
F5DEB3|39.27.96|Wheat
EDE6D6|42.10.93|White chocolate
E6E0D4|40.8.90|White coffee
D470A2|330.47.83|Wild orchid
FF43A4|329.74.100|Wild Strawberry
FC6C85|350.57.99|Wild watermelon
FD5800|21.100.99|Willpower orange
A75502|30.99.65|Windsor tan
722F37|353.59.45|Wine
673147|336.52.40|Wine dregs
B11226|352.90.69|Wine red
FF007C|331.100.100|Winter Sky
A0E6FF|196.37.100|Winter Wizard
56887D|167.37.53|Wintergreen Dream
C9A0DC|281.27.86|Wisteria
C19A6B|33.45.76|Wood brown
738678|136.14.53|Xanadu
FFFF00|60.100.100|Yellow
FCE883|50.48.99|Yellow (Crayola)
EFCC00|51.100.94|Yellow (Munsell)
FFD300|50.100.100|Yellow (NCS)
FEDF00|53.100.100|Yellow (Pantone)
FFEF00|56.100.100|Yellow (process)
FEFE33|60.80.100|Yellow (RYB)
9ACD32|80.76.80|Yellow-green
C5E384|79.42.89|Yellow-green (Crayola)
FFAE42|34.74.100|Yellow Orange
FF9505|36.98.100|Yellow Orange (Color Wheel)
FFF000|56.100.100|Yellow rose
FFF700|58.100.100|Yellow Sunshine
2E5090|219.68.56|YInMn Blue
0014A8|233.100.66|Zaffre
F5F5F5|0.0.96|Zebra White
2C1608|23.82.17|Zinnwaldite brown
